batch_id,num_orders,order_ids,num_stops,total_units,total_weight_kg,total_volume_m3,avg_priority_weight,earliest_due_date
BATCH-001,2,ORD-0030;ORD-0050,6,18,8.58,0.0428,3.0,2026-07-22
BATCH-002,3,ORD-0019;ORD-0036;ORD-0053,8,24,8.79,0.0481,2.67,2026-07-21
BATCH-003,3,ORD-0024;ORD-0028;ORD-0051,7,20,8.99,0.0498,2.67,2026-07-22
BATCH-004,2,ORD-0006;ORD-0040,8,23,8.43,0.0458,2.5,2026-07-22
BATCH-005,2,ORD-0031;ORD-0042,4,14,8.92,0.0501,2.5,2026-07-23
BATCH-006,3,ORD-0009;ORD-0027;ORD-0045,8,22,9.0,0.0701,2.33,2026-07-22
BATCH-007,4,ORD-0011;ORD-0020;ORD-0026;ORD-0058,10,24,8.86,0.0592,2.25,2026-07-22
BATCH-008,5,ORD-0008;ORD-0022;ORD-0023;ORD-0029;ORD-0043,10,24,8.92,0.0622,2.2,2026-07-24
BATCH-009,1,ORD-0013,5,17,8.61,0.0524,2.0,2026-07-21
BATCH-010,3,ORD-0010;ORD-0017;ORD-0059,8,23,8.97,0.0577,2.0,2026-07-21
BATCH-011,3,ORD-0005;ORD-0014;ORD-0047,10,24,8.89,0.0446,2.0,2026-07-22
BATCH-012,2,ORD-0004;ORD-0033,6,20,8.98,0.0633,2.0,2026-07-25
BATCH-013,2,ORD-0015;ORD-0054,9,24,8.87,0.0473,2.0,2026-07-26
BATCH-014,3,ORD-0003;ORD-0025;ORD-0035,8,22,8.44,0.0433,1.67,2026-07-21
BATCH-015,3,ORD-0046;ORD-0048;ORD-0057,10,23,8.46,0.0447,1.67,2026-07-21
BATCH-016,3,ORD-0018;ORD-0038;ORD-0055,8,24,8.98,0.0576,1.67,2026-07-23
BATCH-017,2,ORD-0001;ORD-0016,7,24,8.74,0.051,1.5,2026-07-21
BATCH-018,2,ORD-0044;ORD-0056,9,24,8.58,0.0496,1.5,2026-07-24
BATCH-019,3,ORD-0002;ORD-0032;ORD-0052,7,20,8.93,0.0543,1.33,2026-07-22
BATCH-020,2,ORD-0007;ORD-0021,8,20,8.87,0.0519,1.0,2026-07-22
BATCH-021,3,ORD-0034;ORD-0041;ORD-0049,10,22,8.93,0.0518,1.0,2026-07-23
BATCH-022,2,ORD-0037;ORD-0060,7,20,8.81,0.0583,1.0,2026-07-23
BATCH-023,2,ORD-0012;ORD-0039,8,16,8.7,0.051,1.0,2026-07-25
