batch_id,baseline_distance_m,nearest_neighbor_distance_m,optimized_distance_m,distance_saved_m,percent_saved
BATCH-001,56.8,56.8,56.8,0.0,0.0
BATCH-002,77.2,62.2,62.2,15.0,19.4
BATCH-003,66.4,56.4,56.4,10.0,15.1
BATCH-004,67.2,67.6,62.6,4.6,6.8
BATCH-005,66.4,56.4,56.4,10.0,15.1
BATCH-006,55.8,55.8,50.8,5.0,9.0
BATCH-007,67.6,67.2,61.8,5.8,8.6
BATCH-008,82.2,77.2,67.2,15.0,18.2
BATCH-009,55.8,51.2,51.2,4.6,8.2
BATCH-010,72.2,61.8,61.8,10.4,14.4
BATCH-011,87.2,57.2,57.2,30.0,34.4
BATCH-012,71.4,61.8,61.8,9.6,13.4
BATCH-013,81.8,80.2,74.2,7.6,9.3
BATCH-014,76.8,72.8,68.2,8.6,11.2
BATCH-015,86.8,83.4,71.8,15.0,17.3
BATCH-016,86.4,62.8,62.8,23.6,27.3
BATCH-017,62.2,56.8,56.8,5.4,8.7
BATCH-018,82.2,71.8,56.8,25.4,30.9
BATCH-019,71.8,56.8,56.8,15.0,20.9
BATCH-020,66.8,66.8,57.2,9.6,14.4
BATCH-021,81.8,72.8,61.4,20.4,24.9
BATCH-022,71.4,61.8,61.8,9.6,13.4
BATCH-023,65.8,63.2,62.2,3.6,5.5
