batch_id,algorithm,num_stops,total_distance_m,estimated_time_min,stop_sequence
BATCH-001,greedy,6,56.8,2.59,A01-R01-S3-B1;A05-R01-S2-B2;A05-R02-S3-B2;A06-R03-S3-B2;A06-R04-S1-B2;A06-R04-S2-B1
BATCH-001,nearest_neighbor,6,56.8,2.59,A01-R01-S3-B1;A05-R01-S2-B2;A05-R02-S3-B2;A06-R03-S3-B2;A06-R04-S2-B1;A06-R04-S1-B2
BATCH-001,two_opt,6,56.8,2.59,A01-R01-S3-B1;A05-R01-S2-B2;A05-R02-S3-B2;A06-R03-S3-B2;A06-R04-S2-B1;A06-R04-S1-B2
BATCH-002,greedy,8,77.2,3.47,A01-R04-S1-B1;A02-R02-S2-B1;A04-R01-S1-B1;A04-R02-S2-B2;A04-R04-S1-B2;A06-R01-S1-B2;A06-R01-S2-B1;A06-R02-S3-B2
BATCH-002,nearest_neighbor,8,62.2,3.26,A02-R02-S2-B1;A04-R02-S2-B2;A04-R01-S1-B1;A06-R01-S2-B1;A06-R01-S1-B2;A06-R02-S3-B2;A04-R04-S1-B2;A01-R04-S1-B1
BATCH-002,two_opt,8,62.2,3.26,A02-R02-S2-B1;A04-R02-S2-B2;A04-R01-S1-B1;A06-R01-S2-B1;A06-R01-S1-B2;A06-R02-S3-B2;A04-R04-S1-B2;A01-R04-S1-B1
BATCH-003,greedy,7,66.4,3.02,A01-R01-S3-B2;A01-R04-S2-B1;A02-R01-S2-B2;A04-R01-S3-B2;A05-R02-S1-B1;A05-R02-S3-B1;A06-R03-S2-B2
BATCH-003,nearest_neighbor,7,56.4,2.88,A01-R01-S3-B2;A02-R01-S2-B2;A04-R01-S3-B2;A05-R02-S1-B1;A05-R02-S3-B1;A06-R03-S2-B2;A01-R04-S2-B1
BATCH-003,two_opt,7,56.4,2.88,A01-R01-S3-B2;A02-R01-S2-B2;A04-R01-S3-B2;A05-R02-S1-B1;A05-R02-S3-B1;A06-R03-S2-B2;A01-R04-S2-B1
BATCH-004,greedy,8,67.2,3.33,A02-R03-S2-B1;A02-R04-S2-B2;A03-R03-S2-B2;A03-R03-S3-B1;A04-R02-S2-B1;A04-R03-S3-B2;A06-R03-S3-B2;A06-R04-S1-B2
BATCH-004,nearest_neighbor,8,67.6,3.34,A02-R03-S2-B1;A02-R04-S2-B2;A03-R03-S2-B2;A03-R03-S3-B1;A04-R03-S3-B2;A04-R02-S2-B1;A06-R03-S3-B2;A06-R04-S1-B2
BATCH-004,two_opt,8,62.6,3.27,A02-R03-S2-B1;A02-R04-S2-B2;A06-R04-S1-B2;A06-R03-S3-B2;A04-R02-S2-B1;A04-R03-S3-B2;A03-R03-S3-B1;A03-R03-S2-B2
BATCH-005,greedy,4,66.4,2.12,A02-R04-S3-B1;A03-R04-S1-B1;A06-R01-S2-B2;A06-R03-S1-B2
BATCH-005,nearest_neighbor,4,56.4,1.98,A02-R04-S3-B1;A03-R04-S1-B1;A06-R03-S1-B2;A06-R01-S2-B2
BATCH-005,two_opt,4,56.4,1.98,A02-R04-S3-B1;A03-R04-S1-B1;A06-R03-S1-B2;A06-R01-S2-B2
BATCH-006,greedy,8,55.8,3.17,A01-R01-S2-B2;A01-R04-S1-B1;A01-R04-S2-B2;A03-R03-S3-B1;A04-R03-S1-B2;A05-R03-S2-B2;A05-R04-S2-B1;A05-R04-S3-B1
BATCH-006,nearest_neighbor,8,55.8,3.17,A01-R01-S2-B2;A01-R04-S1-B1;A01-R04-S2-B2;A03-R03-S3-B1;A04-R03-S1-B2;A05-R03-S2-B2;A05-R04-S2-B1;A05-R04-S3-B1
BATCH-006,two_opt,8,50.8,3.11,A01-R01-S2-B2;A01-R04-S1-B1;A01-R04-S2-B2;A05-R04-S3-B1;A05-R04-S2-B1;A05-R03-S2-B2;A04-R03-S1-B2;A03-R03-S3-B1
BATCH-007,greedy,10,67.6,3.94,A01-R01-S1-B1;A02-R03-S2-B1;A02-R03-S3-B1;A02-R03-S3-B2;A04-R02-S1-B1;A05-R01-S3-B1;A05-R03-S1-B2;A05-R03-S2-B1;A05-R04-S3-B2;A06-R01-S2-B2
BATCH-007,nearest_neighbor,10,67.2,3.93,A01-R01-S1-B1;A02-R03-S2-B1;A02-R03-S3-B1;A02-R03-S3-B2;A04-R02-S1-B1;A05-R01-S3-B1;A06-R01-S2-B2;A05-R03-S2-B1;A05-R03-S1-B2;A05-R04-S3-B2
BATCH-007,two_opt,10,61.8,3.86,A01-R01-S1-B1;A02-R03-S2-B1;A02-R03-S3-B1;A02-R03-S3-B2;A05-R04-S3-B2;A05-R03-S1-B2;A05-R03-S2-B1;A06-R01-S2-B2;A05-R01-S3-B1;A04-R02-S1-B1
BATCH-008,greedy,10,82.2,4.14,A01-R04-S1-B2;A01-R04-S2-B2;A02-R04-S1-B1;A03-R02-S1-B1;A03-R04-S3-B2;A04-R03-S1-B1;A05-R02-S2-B2;A05-R04-S1-B1;A06-R01-S2-B1;A06-R02-S1-B2
BATCH-008,nearest_neighbor,10,77.2,4.07,A01-R04-S1-B2;A01-R04-S2-B2;A02-R04-S1-B1;A03-R04-S3-B2;A03-R02-S1-B1;A04-R03-S1-B1;A05-R02-S2-B2;A06-R02-S1-B2;A06-R01-S2-B1;A05-R04-S1-B1
BATCH-008,two_opt,10,67.2,3.93,A01-R04-S1-B2;A01-R04-S2-B2;A02-R04-S1-B1;A03-R04-S3-B2;A05-R04-S1-B1;A06-R01-S2-B1;A06-R02-S1-B2;A05-R02-S2-B2;A04-R03-S1-B1;A03-R02-S1-B1
BATCH-009,greedy,5,55.8,2.27,A01-R04-S1-B2;A02-R03-S1-B2;A03-R01-S2-B2;A04-R02-S3-B2;A05-R02-S1-B1
BATCH-009,nearest_neighbor,5,51.2,2.21,A03-R01-S2-B2;A04-R02-S3-B2;A05-R02-S1-B1;A02-R03-S1-B2;A01-R04-S1-B2
BATCH-009,two_opt,5,51.2,2.21,A03-R01-S2-B2;A04-R02-S3-B2;A05-R02-S1-B1;A02-R03-S1-B2;A01-R04-S1-B2
BATCH-010,greedy,8,72.2,3.4,A01-R04-S1-B1;A02-R04-S1-B1;A03-R03-S1-B1;A05-R01-S1-B1;A05-R01-S1-B2;A05-R01-S3-B1;A06-R03-S3-B2;A06-R04-S3-B2
BATCH-010,nearest_neighbor,8,61.8,3.26,A01-R04-S1-B1;A02-R04-S1-B1;A03-R03-S1-B1;A06-R03-S3-B2;A06-R04-S3-B2;A05-R01-S1-B2;A05-R01-S1-B1;A05-R01-S3-B1
BATCH-010,two_opt,8,61.8,3.26,A01-R04-S1-B1;A02-R04-S1-B1;A03-R03-S1-B1;A06-R03-S3-B2;A06-R04-S3-B2;A05-R01-S1-B2;A05-R01-S1-B1;A05-R01-S3-B1
BATCH-011,greedy,10,87.2,4.21,A01-R01-S2-B1;A01-R04-S2-B2;A02-R01-S1-B1;A02-R04-S2-B2;A03-R01-S3-B2;A04-R01-S2-B2;A04-R01-S3-B2;A05-R01-S2-B2;A06-R01-S3-B1;A06-R04-S2-B1
BATCH-011,nearest_neighbor,10,57.2,3.79,A01-R01-S2-B1;A02-R01-S1-B1;A03-R01-S3-B2;A04-R01-S2-B2;A04-R01-S3-B2;A05-R01-S2-B2;A06-R01-S3-B1;A06-R04-S2-B1;A02-R04-S2-B2;A01-R04-S2-B2
BATCH-011,two_opt,10,57.2,3.79,A01-R01-S2-B1;A02-R01-S1-B1;A03-R01-S3-B2;A04-R01-S2-B2;A04-R01-S3-B2;A05-R01-S2-B2;A06-R01-S3-B1;A06-R04-S2-B1;A02-R04-S2-B2;A01-R04-S2-B2
BATCH-012,greedy,6,71.4,2.79,A02-R01-S2-B2;A02-R04-S1-B1;A03-R01-S1-B2;A05-R01-S2-B2;A05-R04-S2-B2;A06-R03-S3-B1
BATCH-012,nearest_neighbor,6,61.8,2.66,A02-R01-S2-B2;A03-R01-S1-B2;A05-R01-S2-B2;A05-R04-S2-B2;A06-R03-S3-B1;A02-R04-S1-B1
BATCH-012,two_opt,6,61.8,2.66,A02-R01-S2-B2;A03-R01-S1-B2;A05-R01-S2-B2;A05-R04-S2-B2;A06-R03-S3-B1;A02-R04-S1-B1
BATCH-013,greedy,9,81.8,3.84,A01-R04-S1-B2;A02-R01-S2-B2;A03-R03-S2-B2;A03-R03-S3-B1;A04-R01-S1-B2;A04-R02-S2-B1;A04-R02-S3-B2;A04-R04-S1-B2;A06-R01-S1-B1
BATCH-013,nearest_neighbor,9,80.2,3.81,A02-R01-S2-B2;A04-R01-S1-B2;A04-R02-S2-B1;A04-R02-S3-B2;A04-R04-S1-B2;A03-R03-S2-B2;A03-R03-S3-B1;A01-R04-S1-B2;A06-R01-S1-B1
BATCH-013,two_opt,9,74.2,3.73,A01-R04-S1-B2;A03-R03-S3-B1;A03-R03-S2-B2;A04-R04-S1-B2;A04-R02-S3-B2;A04-R02-S2-B1;A04-R01-S1-B2;A02-R01-S2-B2;A06-R01-S1-B1
BATCH-014,greedy,8,76.8,3.47,A01-R03-S3-B1;A02-R02-S1-B1;A02-R04-S1-B2;A03-R01-S2-B1;A03-R03-S2-B2;A04-R03-S2-B2;A04-R04-S1-B1;A06-R01-S1-B2
BATCH-014,nearest_neighbor,8,72.8,3.41,A01-R03-S3-B1;A02-R02-S1-B1;A02-R04-S1-B2;A03-R03-S2-B2;A04-R03-S2-B2;A04-R04-S1-B1;A03-R01-S2-B1;A06-R01-S1-B2
BATCH-014,two_opt,8,68.2,3.35,A01-R03-S3-B1;A02-R02-S1-B1;A02-R04-S1-B2;A04-R04-S1-B1;A04-R03-S2-B2;A03-R03-S2-B2;A03-R01-S2-B1;A06-R01-S1-B2
BATCH-015,greedy,10,86.8,4.21,A02-R04-S3-B1;A03-R01-S1-B1;A03-R02-S3-B1;A03-R03-S1-B2;A04-R01-S1-B2;A05-R01-S1-B1;A05-R01-S3-B1;A05-R03-S3-B1;A06-R02-S1-B1;A06-R04-S2-B1
BATCH-015,nearest_neighbor,10,83.4,4.16,A03-R01-S1-B1;A03-R02-S3-B1;A03-R03-S1-B2;A02-R04-S3-B1;A05-R03-S3-B1;A05-R01-S1-B1;A05-R01-S3-B1;A04-R01-S1-B2;A06-R02-S1-B1;A06-R04-S2-B1
BATCH-015,two_opt,10,71.8,4.0,A03-R01-S1-B1;A04-R01-S1-B2;A05-R01-S3-B1;A05-R01-S1-B1;A05-R03-S3-B1;A06-R02-S1-B1;A06-R04-S2-B1;A03-R03-S1-B2;A03-R02-S3-B1;A02-R04-S3-B1
BATCH-016,greedy,8,86.4,3.6,A01-R03-S2-B2;A02-R04-S2-B1;A02-R04-S3-B1;A04-R01-S3-B1;A04-R04-S2-B2;A05-R01-S3-B2;A05-R04-S3-B1;A06-R01-S1-B1
BATCH-016,nearest_neighbor,8,62.8,3.27,A01-R03-S2-B2;A02-R04-S2-B1;A02-R04-S3-B1;A04-R04-S2-B2;A05-R04-S3-B1;A05-R01-S3-B2;A04-R01-S3-B1;A06-R01-S1-B1
BATCH-016,two_opt,8,62.8,3.27,A01-R03-S2-B2;A02-R04-S2-B1;A02-R04-S3-B1;A04-R04-S2-B2;A05-R04-S3-B1;A05-R01-S3-B2;A04-R01-S3-B1;A06-R01-S1-B1
BATCH-017,greedy,7,62.2,2.96,A01-R01-S1-B2;A01-R01-S2-B1;A04-R02-S2-B2;A04-R04-S2-B1;A05-R04-S2-B2;A06-R03-S2-B1;A06-R04-S1-B1
BATCH-017,nearest_neighbor,7,56.8,2.89,A01-R01-S2-B1;A01-R01-S1-B2;A04-R02-S2-B2;A04-R04-S2-B1;A05-R04-S2-B2;A06-R04-S1-B1;A06-R03-S2-B1
BATCH-017,two_opt,7,56.8,2.89,A01-R01-S2-B1;A01-R01-S1-B2;A04-R02-S2-B2;A04-R04-S2-B1;A05-R04-S2-B2;A06-R04-S1-B1;A06-R03-S2-B1
BATCH-018,greedy,9,82.2,3.84,A01-R03-S3-B2;A03-R01-S2-B1;A03-R03-S3-B2;A03-R04-S1-B2;A04-R01-S3-B1;A05-R01-S1-B1;A05-R02-S2-B1;A06-R04-S1-B1;A06-R04-S2-B1
BATCH-018,nearest_neighbor,9,71.8,3.7,A01-R03-S3-B2;A03-R03-S3-B2;A03-R04-S1-B2;A03-R01-S2-B1;A04-R01-S3-B1;A05-R01-S1-B1;A05-R02-S2-B1;A06-R04-S1-B1;A06-R04-S2-B1
BATCH-018,two_opt,9,56.8,3.49,A01-R03-S3-B2;A03-R03-S3-B2;A03-R04-S1-B2;A06-R04-S2-B1;A06-R04-S1-B1;A05-R02-S2-B1;A05-R01-S1-B1;A04-R01-S3-B1;A03-R01-S2-B1
BATCH-019,greedy,7,71.8,3.1,A01-R03-S1-B2;A01-R04-S1-B1;A02-R01-S1-B1;A04-R01-S3-B1;A04-R03-S3-B2;A05-R03-S3-B1;A06-R04-S1-B1
BATCH-019,nearest_neighbor,7,56.8,2.89,A02-R01-S1-B1;A04-R01-S3-B1;A04-R03-S3-B2;A05-R03-S3-B1;A06-R04-S1-B1;A01-R04-S1-B1;A01-R03-S1-B2
BATCH-019,two_opt,7,56.8,2.89,A02-R01-S1-B1;A04-R01-S3-B1;A04-R03-S3-B2;A05-R03-S3-B1;A06-R04-S1-B1;A01-R04-S1-B1;A01-R03-S1-B2
BATCH-020,greedy,8,66.8,3.33,A01-R01-S1-B2;A02-R04-S1-B1;A02-R04-S1-B2;A03-R04-S1-B1;A04-R02-S1-B1;A04-R02-S2-B2;A04-R04-S1-B1;A06-R04-S1-B1
BATCH-020,nearest_neighbor,8,66.8,3.33,A01-R01-S1-B2;A02-R04-S1-B1;A02-R04-S1-B2;A03-R04-S1-B1;A04-R04-S1-B1;A04-R02-S2-B2;A04-R02-S1-B1;A06-R04-S1-B1
BATCH-020,two_opt,8,57.2,3.19,A01-R01-S1-B2;A02-R04-S1-B1;A02-R04-S1-B2;A03-R04-S1-B1;A04-R04-S1-B1;A06-R04-S1-B1;A04-R02-S1-B1;A04-R02-S2-B2
BATCH-021,greedy,10,81.8,4.14,A01-R04-S1-B1;A02-R01-S3-B2;A02-R03-S2-B2;A04-R01-S1-B1;A04-R01-S2-B2;A04-R02-S2-B1;A04-R02-S3-B1;A05-R01-S3-B1;A05-R03-S2-B1;A06-R03-S2-B2
BATCH-021,nearest_neighbor,10,72.8,4.01,A02-R01-S3-B2;A02-R03-S2-B2;A01-R04-S1-B1;A04-R02-S2-B1;A04-R02-S3-B1;A04-R01-S2-B2;A04-R01-S1-B1;A05-R01-S3-B1;A05-R03-S2-B1;A06-R03-S2-B2
BATCH-021,two_opt,10,61.4,3.85,A01-R04-S1-B1;A02-R03-S2-B2;A06-R03-S2-B2;A05-R03-S2-B1;A05-R01-S3-B1;A04-R01-S1-B1;A04-R01-S2-B2;A04-R02-S3-B1;A04-R02-S2-B1;A02-R01-S3-B2
BATCH-022,greedy,7,71.4,3.09,A01-R01-S1-B1;A03-R04-S2-B1;A03-R04-S3-B2;A04-R02-S3-B2;A05-R01-S1-B2;A05-R02-S1-B1;A06-R04-S3-B1
BATCH-022,nearest_neighbor,7,61.8,2.96,A01-R01-S1-B1;A04-R02-S3-B2;A05-R02-S1-B1;A05-R01-S1-B2;A06-R04-S3-B1;A03-R04-S2-B1;A03-R04-S3-B2
BATCH-022,two_opt,7,61.8,2.96,A01-R01-S1-B1;A04-R02-S3-B2;A05-R02-S1-B1;A05-R01-S1-B2;A06-R04-S3-B1;A03-R04-S2-B1;A03-R04-S3-B2
BATCH-023,greedy,8,65.8,3.31,A01-R01-S2-B2;A02-R03-S2-B1;A02-R03-S2-B2;A02-R04-S2-B1;A03-R01-S1-B1;A03-R04-S3-B2;A04-R04-S1-B2;A05-R02-S2-B2
BATCH-023,nearest_neighbor,8,63.2,3.28,A01-R01-S2-B2;A03-R01-S1-B1;A03-R04-S3-B2;A04-R04-S1-B2;A02-R04-S2-B1;A02-R03-S2-B2;A02-R03-S2-B1;A05-R02-S2-B2
BATCH-023,two_opt,8,62.2,3.26,A01-R01-S2-B2;A02-R03-S2-B1;A02-R03-S2-B2;A02-R04-S2-B1;A04-R04-S1-B2;A03-R04-S3-B2;A03-R01-S1-B1;A05-R02-S2-B2
