order_id,customer,priority,due_date,item_id,quantity
ORD-0001,CUST-001,Low,2026-07-21,SKU-0035,4
ORD-0001,CUST-001,Low,2026-07-21,SKU-0119,4
ORD-0001,CUST-001,Low,2026-07-21,SKU-0082,2
ORD-0001,CUST-001,Low,2026-07-21,SKU-0114,4
ORD-0002,CUST-002,Low,2026-07-27,SKU-0125,4
ORD-0002,CUST-002,Low,2026-07-27,SKU-0062,1
ORD-0002,CUST-002,Low,2026-07-27,SKU-0071,3
ORD-0003,CUST-003,Medium,2026-07-25,SKU-0036,2
ORD-0004,CUST-004,Medium,2026-07-26,SKU-0017,4
ORD-0004,CUST-004,Medium,2026-07-26,SKU-0107,3
ORD-0005,CUST-005,Medium,2026-07-22,SKU-0100,1
ORD-0005,CUST-005,Medium,2026-07-22,SKU-0006,3
ORD-0005,CUST-005,Medium,2026-07-22,SKU-0098,3
ORD-0005,CUST-005,Medium,2026-07-22,SKU-0123,4
ORD-0006,CUST-006,Medium,2026-07-23,SKU-0125,4
ORD-0006,CUST-006,Medium,2026-07-23,SKU-0008,2
ORD-0006,CUST-006,Medium,2026-07-23,SKU-0100,4
ORD-0006,CUST-006,Medium,2026-07-23,SKU-0087,2
ORD-0007,CUST-007,Low,2026-07-25,SKU-0007,2
ORD-0007,CUST-007,Low,2026-07-25,SKU-0022,1
ORD-0007,CUST-007,Low,2026-07-25,SKU-0110,3
ORD-0007,CUST-007,Low,2026-07-25,SKU-0035,4
ORD-0007,CUST-007,Low,2026-07-25,SKU-0119,3
ORD-0008,CUST-008,Medium,2026-07-27,SKU-0072,4
ORD-0008,CUST-008,Medium,2026-07-27,SKU-0108,1
ORD-0008,CUST-008,Medium,2026-07-27,SKU-0065,1
ORD-0008,CUST-008,Medium,2026-07-27,SKU-0021,3
ORD-0009,CUST-009,Low,2026-07-26,SKU-0008,2
ORD-0010,CUST-010,Medium,2026-07-22,SKU-0122,2
ORD-0010,CUST-010,Medium,2026-07-22,SKU-0030,4
ORD-0011,CUST-011,High,2026-07-25,SKU-0042,3
ORD-0012,CUST-012,Low,2026-07-25,SKU-0102,1
ORD-0012,CUST-012,Low,2026-07-25,SKU-0051,3
ORD-0012,CUST-012,Low,2026-07-25,SKU-0020,1
ORD-0012,CUST-012,Low,2026-07-25,SKU-0063,1
ORD-0013,CUST-013,Medium,2026-07-21,SKU-0088,4
ORD-0013,CUST-013,Medium,2026-07-21,SKU-0004,3
ORD-0013,CUST-013,Medium,2026-07-21,SKU-0108,4
ORD-0013,CUST-013,Medium,2026-07-21,SKU-0126,2
ORD-0013,CUST-013,Medium,2026-07-21,SKU-0028,4
ORD-0014,CUST-014,Medium,2026-07-25,SKU-0120,2
ORD-0014,CUST-014,Medium,2026-07-25,SKU-0112,1
ORD-0014,CUST-014,Medium,2026-07-25,SKU-0069,3
ORD-0014,CUST-014,Medium,2026-07-25,SKU-0083,4
ORD-0015,CUST-015,Medium,2026-07-26,SKU-0087,2
ORD-0015,CUST-015,Medium,2026-07-26,SKU-0008,4
ORD-0015,CUST-015,Medium,2026-07-26,SKU-0127,2
ORD-0015,CUST-015,Medium,2026-07-26,SKU-0084,3
ORD-0016,CUST-016,Medium,2026-07-25,SKU-0003,2
ORD-0016,CUST-016,Medium,2026-07-25,SKU-0049,4
ORD-0016,CUST-016,Medium,2026-07-25,SKU-0022,4
ORD-0017,CUST-017,Medium,2026-07-26,SKU-0115,2
ORD-0017,CUST-017,Medium,2026-07-26,SKU-0005,4
ORD-0017,CUST-017,Medium,2026-07-26,SKU-0024,2
ORD-0017,CUST-017,Medium,2026-07-26,SKU-0076,3
ORD-0018,CUST-018,Medium,2026-07-25,SKU-0109,4
ORD-0018,CUST-018,Medium,2026-07-25,SKU-0085,3
ORD-0018,CUST-018,Medium,2026-07-25,SKU-0091,3
ORD-0019,CUST-019,High,2026-07-22,SKU-0031,2
ORD-0019,CUST-019,High,2026-07-22,SKU-0048,4
ORD-0019,CUST-019,High,2026-07-22,SKU-0050,3
ORD-0020,CUST-020,Low,2026-07-27,SKU-0076,3
ORD-0020,CUST-020,Low,2026-07-27,SKU-0059,2
ORD-0021,CUST-021,Low,2026-07-22,SKU-0012,2
ORD-0021,CUST-021,Low,2026-07-22,SKU-0014,4
ORD-0021,CUST-021,Low,2026-07-22,SKU-0075,1
ORD-0022,CUST-022,Medium,2026-07-24,SKU-0048,4
ORD-0022,CUST-022,Medium,2026-07-24,SKU-0014,1
ORD-0022,CUST-022,Medium,2026-07-24,SKU-0065,1
ORD-0023,CUST-023,High,2026-07-26,SKU-0039,2
ORD-0024,CUST-020,High,2026-07-22,SKU-0107,2
ORD-0025,CUST-024,Medium,2026-07-24,SKU-0110,1
ORD-0025,CUST-024,Medium,2026-07-24,SKU-0079,2
ORD-0025,CUST-024,Medium,2026-07-24,SKU-0016,2
ORD-0026,CUST-025,High,2026-07-22,SKU-0020,4
ORD-0026,CUST-025,High,2026-07-22,SKU-0041,3
ORD-0026,CUST-025,High,2026-07-22,SKU-0001,1
ORD-0026,CUST-025,High,2026-07-22,SKU-0105,2
ORD-0026,CUST-025,High,2026-07-22,SKU-0116,3
ORD-0027,CUST-026,High,2026-07-22,SKU-0051,2
ORD-0027,CUST-026,High,2026-07-22,SKU-0109,2
ORD-0027,CUST-026,High,2026-07-22,SKU-0030,3
ORD-0028,CUST-027,High,2026-07-27,SKU-0074,4
ORD-0028,CUST-027,High,2026-07-27,SKU-0113,3
ORD-0028,CUST-027,High,2026-07-27,SKU-0032,4
ORD-0029,CUST-028,Medium,2026-07-25,SKU-0111,3
ORD-0030,CUST-029,High,2026-07-22,SKU-0006,4
ORD-0030,CUST-029,High,2026-07-22,SKU-0069,3
ORD-0030,CUST-029,High,2026-07-22,SKU-0011,2
ORD-0030,CUST-029,High,2026-07-22,SKU-0045,4
ORD-0030,CUST-029,High,2026-07-22,SKU-0121,4
ORD-0031,CUST-030,Medium,2026-07-23,SKU-0027,4
ORD-0031,CUST-030,Medium,2026-07-23,SKU-0042,4
ORD-0031,CUST-030,Medium,2026-07-23,SKU-0085,3
ORD-0032,CUST-031,Medium,2026-07-23,SKU-0083,1
ORD-0032,CUST-031,Medium,2026-07-23,SKU-0030,4
ORD-0032,CUST-031,Medium,2026-07-23,SKU-0104,4
ORD-0033,CUST-032,Medium,2026-07-25,SKU-0114,2
ORD-0033,CUST-032,Medium,2026-07-25,SKU-0014,3
ORD-0033,CUST-032,Medium,2026-07-25,SKU-0053,4
ORD-0033,CUST-032,Medium,2026-07-25,SKU-0069,4
ORD-0034,CUST-012,Low,2026-07-25,SKU-0041,1
ORD-0034,CUST-012,Low,2026-07-25,SKU-0080,4
ORD-0035,CUST-033,Low,2026-07-21,SKU-0031,3
ORD-0035,CUST-033,Low,2026-07-21,SKU-0040,4
ORD-0035,CUST-033,Low,2026-07-21,SKU-0128,4
ORD-0035,CUST-033,Low,2026-07-21,SKU-0075,4
ORD-0036,CUST-015,Medium,2026-07-24,SKU-0035,3
ORD-0036,CUST-015,Medium,2026-07-24,SKU-0018,4
ORD-0037,CUST-034,Low,2026-07-23,SKU-0126,4
ORD-0037,CUST-034,Low,2026-07-23,SKU-0039,3
ORD-0037,CUST-034,Low,2026-07-23,SKU-0115,3
ORD-0038,CUST-035,Medium,2026-07-23,SKU-0062,2
ORD-0038,CUST-035,Medium,2026-07-23,SKU-0099,4
ORD-0039,CUST-036,Low,2026-07-26,SKU-0099,2
ORD-0039,CUST-036,Low,2026-07-26,SKU-0039,3
ORD-0039,CUST-036,Low,2026-07-26,SKU-0127,1
ORD-0039,CUST-036,Low,2026-07-26,SKU-0010,4
ORD-0040,CUST-037,High,2026-07-22,SKU-0040,3
ORD-0040,CUST-037,High,2026-07-22,SKU-0020,4
ORD-0040,CUST-037,High,2026-07-22,SKU-0121,1
ORD-0040,CUST-037,High,2026-07-22,SKU-0068,3
ORD-0041,CUST-035,Low,2026-07-26,SKU-0010,2
ORD-0041,CUST-035,Low,2026-07-26,SKU-0018,1
ORD-0041,CUST-035,Low,2026-07-26,SKU-0061,4
ORD-0041,CUST-035,Low,2026-07-26,SKU-0074,1
ORD-0042,CUST-037,High,2026-07-23,SKU-0012,3
ORD-0043,CUST-038,Medium,2026-07-24,SKU-0063,2
ORD-0043,CUST-038,Medium,2026-07-24,SKU-0106,2
ORD-0044,CUST-039,Medium,2026-07-24,SKU-0062,3
ORD-0044,CUST-039,Medium,2026-07-24,SKU-0128,4
ORD-0044,CUST-039,Medium,2026-07-24,SKU-0037,3
ORD-0044,CUST-039,Medium,2026-07-24,SKU-0060,1
ORD-0044,CUST-039,Medium,2026-07-24,SKU-0119,4
ORD-0045,CUST-040,High,2026-07-23,SKU-0077,2
ORD-0045,CUST-040,High,2026-07-23,SKU-0109,4
ORD-0045,CUST-040,High,2026-07-23,SKU-0065,4
ORD-0045,CUST-040,High,2026-07-23,SKU-0117,1
ORD-0045,CUST-040,High,2026-07-23,SKU-0078,2
ORD-0046,CUST-041,Medium,2026-07-26,SKU-0006,1
ORD-0046,CUST-041,Medium,2026-07-26,SKU-0102,1
ORD-0046,CUST-041,Medium,2026-07-26,SKU-0071,4
ORD-0047,CUST-042,Medium,2026-07-23,SKU-0049,2
ORD-0047,CUST-042,Medium,2026-07-23,SKU-0065,1
ORD-0048,CUST-038,Low,2026-07-21,SKU-0094,4
ORD-0048,CUST-038,Low,2026-07-21,SKU-0034,2
ORD-0048,CUST-038,Low,2026-07-21,SKU-0024,2
ORD-0048,CUST-038,Low,2026-07-21,SKU-0076,2
ORD-0048,CUST-038,Low,2026-07-21,SKU-0084,3
ORD-0049,CUST-043,Low,2026-07-23,SKU-0076,1
ORD-0049,CUST-043,Low,2026-07-23,SKU-0087,2
ORD-0049,CUST-043,Low,2026-07-23,SKU-0030,2
ORD-0049,CUST-043,Low,2026-07-23,SKU-0120,4
ORD-0050,CUST-044,High,2026-07-24,SKU-0068,1
ORD-0051,CUST-045,Medium,2026-07-26,SKU-0098,2
ORD-0051,CUST-045,Medium,2026-07-26,SKU-0096,4
ORD-0051,CUST-045,Medium,2026-07-26,SKU-0028,1
ORD-0052,CUST-046,Low,2026-07-22,SKU-0119,3
ORD-0053,CUST-047,High,2026-07-21,SKU-0127,2
ORD-0053,CUST-047,High,2026-07-21,SKU-0030,2
ORD-0053,CUST-047,High,2026-07-21,SKU-0025,4
ORD-0054,CUST-045,Medium,2026-07-26,SKU-0108,4
ORD-0054,CUST-045,Medium,2026-07-26,SKU-0040,3
ORD-0054,CUST-045,Medium,2026-07-26,SKU-0107,1
ORD-0054,CUST-045,Medium,2026-07-26,SKU-0026,3
ORD-0054,CUST-045,Medium,2026-07-26,SKU-0126,2
ORD-0055,CUST-048,Low,2026-07-27,SKU-0026,1
ORD-0055,CUST-048,Low,2026-07-27,SKU-0095,4
ORD-0055,CUST-048,Low,2026-07-27,SKU-0092,3
ORD-0056,CUST-049,Low,2026-07-27,SKU-0024,3
ORD-0056,CUST-049,Low,2026-07-27,SKU-0055,2
ORD-0056,CUST-049,Low,2026-07-27,SKU-0006,2
ORD-0056,CUST-049,Low,2026-07-27,SKU-0013,2
ORD-0057,CUST-050,Medium,2026-07-27,SKU-0085,1
ORD-0057,CUST-050,Medium,2026-07-27,SKU-0038,3
ORD-0058,CUST-051,Medium,2026-07-27,SKU-0029,2
ORD-0058,CUST-051,Medium,2026-07-27,SKU-0007,1
ORD-0059,CUST-052,Medium,2026-07-21,SKU-0068,2
ORD-0059,CUST-052,Medium,2026-07-21,SKU-0014,4
ORD-0060,CUST-053,Low,2026-07-24,SKU-0093,2
ORD-0060,CUST-053,Low,2026-07-24,SKU-0028,1
ORD-0060,CUST-053,Low,2026-07-24,SKU-0116,3
ORD-0060,CUST-053,Low,2026-07-24,SKU-0129,4
