location_id,aisle,rack,shelf,bin,zone,x,y
A01-R01-S1-B1,A01,R01,S1,B1,Zone-A-FastMoving,3.0,2.7
A01-R01-S1-B2,A01,R01,S1,B2,Zone-A-FastMoving,3.0,2.9
A01-R01-S2-B1,A01,R01,S2,B1,Zone-A-FastMoving,3.0,2.7
A01-R01-S2-B2,A01,R01,S2,B2,Zone-A-FastMoving,3.0,2.9
A01-R01-S3-B1,A01,R01,S3,B1,Zone-A-FastMoving,3.0,2.7
A01-R01-S3-B2,A01,R01,S3,B2,Zone-A-FastMoving,3.0,2.9
A01-R02-S1-B1,A01,R02,S1,B1,Zone-A-FastMoving,3.0,5.2
A01-R02-S1-B2,A01,R02,S1,B2,Zone-A-FastMoving,3.0,5.4
A01-R02-S2-B1,A01,R02,S2,B1,Zone-A-FastMoving,3.0,5.2
A01-R02-S2-B2,A01,R02,S2,B2,Zone-A-FastMoving,3.0,5.4
A01-R02-S3-B1,A01,R02,S3,B1,Zone-A-FastMoving,3.0,5.2
A01-R02-S3-B2,A01,R02,S3,B2,Zone-A-FastMoving,3.0,5.4
A01-R03-S1-B1,A01,R03,S1,B1,Zone-A-FastMoving,3.0,7.7
A01-R03-S1-B2,A01,R03,S1,B2,Zone-A-FastMoving,3.0,7.9
A01-R03-S2-B1,A01,R03,S2,B1,Zone-A-FastMoving,3.0,7.7
A01-R03-S2-B2,A01,R03,S2,B2,Zone-A-FastMoving,3.0,7.9
A01-R03-S3-B1,A01,R03,S3,B1,Zone-A-FastMoving,3.0,7.7
A01-R03-S3-B2,A01,R03,S3,B2,Zone-A-FastMoving,3.0,7.9
A01-R04-S1-B1,A01,R04,S1,B1,Zone-A-FastMoving,3.0,10.2
A01-R04-S1-B2,A01,R04,S1,B2,Zone-A-FastMoving,3.0,10.4
A01-R04-S2-B1,A01,R04,S2,B1,Zone-A-FastMoving,3.0,10.2
A01-R04-S2-B2,A01,R04,S2,B2,Zone-A-FastMoving,3.0,10.4
A01-R04-S3-B1,A01,R04,S3,B1,Zone-A-FastMoving,3.0,10.2
A01-R04-S3-B2,A01,R04,S3,B2,Zone-A-FastMoving,3.0,10.4
A02-R01-S1-B1,A02,R01,S1,B1,Zone-A-FastMoving,6.0,2.7
A02-R01-S1-B2,A02,R01,S1,B2,Zone-A-FastMoving,6.0,2.9
A02-R01-S2-B1,A02,R01,S2,B1,Zone-A-FastMoving,6.0,2.7
A02-R01-S2-B2,A02,R01,S2,B2,Zone-A-FastMoving,6.0,2.9
A02-R01-S3-B1,A02,R01,S3,B1,Zone-A-FastMoving,6.0,2.7
A02-R01-S3-B2,A02,R01,S3,B2,Zone-A-FastMoving,6.0,2.9
A02-R02-S1-B1,A02,R02,S1,B1,Zone-A-FastMoving,6.0,5.2
A02-R02-S1-B2,A02,R02,S1,B2,Zone-A-FastMoving,6.0,5.4
A02-R02-S2-B1,A02,R02,S2,B1,Zone-A-FastMoving,6.0,5.2
A02-R02-S2-B2,A02,R02,S2,B2,Zone-A-FastMoving,6.0,5.4
A02-R02-S3-B1,A02,R02,S3,B1,Zone-A-FastMoving,6.0,5.2
A02-R02-S3-B2,A02,R02,S3,B2,Zone-A-FastMoving,6.0,5.4
A02-R03-S1-B1,A02,R03,S1,B1,Zone-A-FastMoving,6.0,7.7
A02-R03-S1-B2,A02,R03,S1,B2,Zone-A-FastMoving,6.0,7.9
A02-R03-S2-B1,A02,R03,S2,B1,Zone-A-FastMoving,6.0,7.7
A02-R03-S2-B2,A02,R03,S2,B2,Zone-A-FastMoving,6.0,7.9
A02-R03-S3-B1,A02,R03,S3,B1,Zone-A-FastMoving,6.0,7.7
A02-R03-S3-B2,A02,R03,S3,B2,Zone-A-FastMoving,6.0,7.9
A02-R04-S1-B1,A02,R04,S1,B1,Zone-A-FastMoving,6.0,10.2
A02-R04-S1-B2,A02,R04,S1,B2,Zone-A-FastMoving,6.0,10.4
A02-R04-S2-B1,A02,R04,S2,B1,Zone-A-FastMoving,6.0,10.2
A02-R04-S2-B2,A02,R04,S2,B2,Zone-A-FastMoving,6.0,10.4
A02-R04-S3-B1,A02,R04,S3,B1,Zone-A-FastMoving,6.0,10.2
A02-R04-S3-B2,A02,R04,S3,B2,Zone-A-FastMoving,6.0,10.4
A03-R01-S1-B1,A03,R01,S1,B1,Zone-B-Bulky,9.0,2.7
A03-R01-S1-B2,A03,R01,S1,B2,Zone-B-Bulky,9.0,2.9
A03-R01-S2-B1,A03,R01,S2,B1,Zone-B-Bulky,9.0,2.7
A03-R01-S2-B2,A03,R01,S2,B2,Zone-B-Bulky,9.0,2.9
A03-R01-S3-B1,A03,R01,S3,B1,Zone-B-Bulky,9.0,2.7
A03-R01-S3-B2,A03,R01,S3,B2,Zone-B-Bulky,9.0,2.9
A03-R02-S1-B1,A03,R02,S1,B1,Zone-B-Bulky,9.0,5.2
A03-R02-S1-B2,A03,R02,S1,B2,Zone-B-Bulky,9.0,5.4
A03-R02-S2-B1,A03,R02,S2,B1,Zone-B-Bulky,9.0,5.2
A03-R02-S2-B2,A03,R02,S2,B2,Zone-B-Bulky,9.0,5.4
A03-R02-S3-B1,A03,R02,S3,B1,Zone-B-Bulky,9.0,5.2
A03-R02-S3-B2,A03,R02,S3,B2,Zone-B-Bulky,9.0,5.4
A03-R03-S1-B1,A03,R03,S1,B1,Zone-B-Bulky,9.0,7.7
A03-R03-S1-B2,A03,R03,S1,B2,Zone-B-Bulky,9.0,7.9
A03-R03-S2-B1,A03,R03,S2,B1,Zone-B-Bulky,9.0,7.7
A03-R03-S2-B2,A03,R03,S2,B2,Zone-B-Bulky,9.0,7.9
A03-R03-S3-B1,A03,R03,S3,B1,Zone-B-Bulky,9.0,7.7
A03-R03-S3-B2,A03,R03,S3,B2,Zone-B-Bulky,9.0,7.9
A03-R04-S1-B1,A03,R04,S1,B1,Zone-B-Bulky,9.0,10.2
A03-R04-S1-B2,A03,R04,S1,B2,Zone-B-Bulky,9.0,10.4
A03-R04-S2-B1,A03,R04,S2,B1,Zone-B-Bulky,9.0,10.2
A03-R04-S2-B2,A03,R04,S2,B2,Zone-B-Bulky,9.0,10.4
A03-R04-S3-B1,A03,R04,S3,B1,Zone-B-Bulky,9.0,10.2
A03-R04-S3-B2,A03,R04,S3,B2,Zone-B-Bulky,9.0,10.4
A04-R01-S1-B1,A04,R01,S1,B1,Zone-B-Bulky,12.0,2.7
A04-R01-S1-B2,A04,R01,S1,B2,Zone-B-Bulky,12.0,2.9
A04-R01-S2-B1,A04,R01,S2,B1,Zone-B-Bulky,12.0,2.7
A04-R01-S2-B2,A04,R01,S2,B2,Zone-B-Bulky,12.0,2.9
A04-R01-S3-B1,A04,R01,S3,B1,Zone-B-Bulky,12.0,2.7
A04-R01-S3-B2,A04,R01,S3,B2,Zone-B-Bulky,12.0,2.9
A04-R02-S1-B1,A04,R02,S1,B1,Zone-B-Bulky,12.0,5.2
A04-R02-S1-B2,A04,R02,S1,B2,Zone-B-Bulky,12.0,5.4
A04-R02-S2-B1,A04,R02,S2,B1,Zone-B-Bulky,12.0,5.2
A04-R02-S2-B2,A04,R02,S2,B2,Zone-B-Bulky,12.0,5.4
A04-R02-S3-B1,A04,R02,S3,B1,Zone-B-Bulky,12.0,5.2
A04-R02-S3-B2,A04,R02,S3,B2,Zone-B-Bulky,12.0,5.4
A04-R03-S1-B1,A04,R03,S1,B1,Zone-B-Bulky,12.0,7.7
A04-R03-S1-B2,A04,R03,S1,B2,Zone-B-Bulky,12.0,7.9
A04-R03-S2-B1,A04,R03,S2,B1,Zone-B-Bulky,12.0,7.7
A04-R03-S2-B2,A04,R03,S2,B2,Zone-B-Bulky,12.0,7.9
A04-R03-S3-B1,A04,R03,S3,B1,Zone-B-Bulky,12.0,7.7
A04-R03-S3-B2,A04,R03,S3,B2,Zone-B-Bulky,12.0,7.9
A04-R04-S1-B1,A04,R04,S1,B1,Zone-B-Bulky,12.0,10.2
A04-R04-S1-B2,A04,R04,S1,B2,Zone-B-Bulky,12.0,10.4
A04-R04-S2-B1,A04,R04,S2,B1,Zone-B-Bulky,12.0,10.2
A04-R04-S2-B2,A04,R04,S2,B2,Zone-B-Bulky,12.0,10.4
A04-R04-S3-B1,A04,R04,S3,B1,Zone-B-Bulky,12.0,10.2
A04-R04-S3-B2,A04,R04,S3,B2,Zone-B-Bulky,12.0,10.4
A05-R01-S1-B1,A05,R01,S1,B1,Zone-C-SlowMoving,15.0,2.7
A05-R01-S1-B2,A05,R01,S1,B2,Zone-C-SlowMoving,15.0,2.9
A05-R01-S2-B1,A05,R01,S2,B1,Zone-C-SlowMoving,15.0,2.7
A05-R01-S2-B2,A05,R01,S2,B2,Zone-C-SlowMoving,15.0,2.9
A05-R01-S3-B1,A05,R01,S3,B1,Zone-C-SlowMoving,15.0,2.7
A05-R01-S3-B2,A05,R01,S3,B2,Zone-C-SlowMoving,15.0,2.9
A05-R02-S1-B1,A05,R02,S1,B1,Zone-C-SlowMoving,15.0,5.2
A05-R02-S1-B2,A05,R02,S1,B2,Zone-C-SlowMoving,15.0,5.4
A05-R02-S2-B1,A05,R02,S2,B1,Zone-C-SlowMoving,15.0,5.2
A05-R02-S2-B2,A05,R02,S2,B2,Zone-C-SlowMoving,15.0,5.4
A05-R02-S3-B1,A05,R02,S3,B1,Zone-C-SlowMoving,15.0,5.2
A05-R02-S3-B2,A05,R02,S3,B2,Zone-C-SlowMoving,15.0,5.4
A05-R03-S1-B1,A05,R03,S1,B1,Zone-C-SlowMoving,15.0,7.7
A05-R03-S1-B2,A05,R03,S1,B2,Zone-C-SlowMoving,15.0,7.9
A05-R03-S2-B1,A05,R03,S2,B1,Zone-C-SlowMoving,15.0,7.7
A05-R03-S2-B2,A05,R03,S2,B2,Zone-C-SlowMoving,15.0,7.9
A05-R03-S3-B1,A05,R03,S3,B1,Zone-C-SlowMoving,15.0,7.7
A05-R03-S3-B2,A05,R03,S3,B2,Zone-C-SlowMoving,15.0,7.9
A05-R04-S1-B1,A05,R04,S1,B1,Zone-C-SlowMoving,15.0,10.2
A05-R04-S1-B2,A05,R04,S1,B2,Zone-C-SlowMoving,15.0,10.4
A05-R04-S2-B1,A05,R04,S2,B1,Zone-C-SlowMoving,15.0,10.2
A05-R04-S2-B2,A05,R04,S2,B2,Zone-C-SlowMoving,15.0,10.4
A05-R04-S3-B1,A05,R04,S3,B1,Zone-C-SlowMoving,15.0,10.2
A05-R04-S3-B2,A05,R04,S3,B2,Zone-C-SlowMoving,15.0,10.4
A06-R01-S1-B1,A06,R01,S1,B1,Zone-C-SlowMoving,18.0,2.7
A06-R01-S1-B2,A06,R01,S1,B2,Zone-C-SlowMoving,18.0,2.9
A06-R01-S2-B1,A06,R01,S2,B1,Zone-C-SlowMoving,18.0,2.7
A06-R01-S2-B2,A06,R01,S2,B2,Zone-C-SlowMoving,18.0,2.9
A06-R01-S3-B1,A06,R01,S3,B1,Zone-C-SlowMoving,18.0,2.7
A06-R01-S3-B2,A06,R01,S3,B2,Zone-C-SlowMoving,18.0,2.9
A06-R02-S1-B1,A06,R02,S1,B1,Zone-C-SlowMoving,18.0,5.2
A06-R02-S1-B2,A06,R02,S1,B2,Zone-C-SlowMoving,18.0,5.4
A06-R02-S2-B1,A06,R02,S2,B1,Zone-C-SlowMoving,18.0,5.2
A06-R02-S2-B2,A06,R02,S2,B2,Zone-C-SlowMoving,18.0,5.4
A06-R02-S3-B1,A06,R02,S3,B1,Zone-C-SlowMoving,18.0,5.2
A06-R02-S3-B2,A06,R02,S3,B2,Zone-C-SlowMoving,18.0,5.4
A06-R03-S1-B1,A06,R03,S1,B1,Zone-C-SlowMoving,18.0,7.7
A06-R03-S1-B2,A06,R03,S1,B2,Zone-C-SlowMoving,18.0,7.9
A06-R03-S2-B1,A06,R03,S2,B1,Zone-C-SlowMoving,18.0,7.7
A06-R03-S2-B2,A06,R03,S2,B2,Zone-C-SlowMoving,18.0,7.9
A06-R03-S3-B1,A06,R03,S3,B1,Zone-C-SlowMoving,18.0,7.7
A06-R03-S3-B2,A06,R03,S3,B2,Zone-C-SlowMoving,18.0,7.9
A06-R04-S1-B1,A06,R04,S1,B1,Zone-C-SlowMoving,18.0,10.2
A06-R04-S1-B2,A06,R04,S1,B2,Zone-C-SlowMoving,18.0,10.4
A06-R04-S2-B1,A06,R04,S2,B1,Zone-C-SlowMoving,18.0,10.2
A06-R04-S2-B2,A06,R04,S2,B2,Zone-C-SlowMoving,18.0,10.4
A06-R04-S3-B1,A06,R04,S3,B1,Zone-C-SlowMoving,18.0,10.2
A06-R04-S3-B2,A06,R04,S3,B2,Zone-C-SlowMoving,18.0,10.4
